"DESCRIPTION","DURATION IN MS","NAME","PARENT SUITE","START TIME","STATUS","STOP TIME","SUB SUITE","SUITE","TEST CLASS","TEST METHOD"
"Тест проверяет попытку создания заказа при не авторизированном пользователе","635","Создание заказа без авторизации","tests","2026-07-02","failed","2026-07-02","TestOrderCreating","test_order_creating","",""
"Тест проверяет успешное создание пользователя используя уникальные генеративные данные при заполненности всех обязательных полей","0","Создание уникального пользователя","tests","2026-07-02","passed","2026-07-02","TestUserCreating","test_user_creating","",""
"Тест проверяет попытку создания заказа без ингридиентов при авторизированном пользователе","626","Создание заказа без ингредиентов","tests","2026-07-02","passed","2026-07-02","TestOrderCreating","test_order_creating","",""
"Тест проверяет успешное создание заказа при авторизированном пользователе с ингредиентами","4091","Создание заказа с авторизацией","tests","2026-07-02","passed","2026-07-02","TestOrderCreating","test_order_creating","",""
"Тест проверяет успешную авторизация существующего пользователя","0","Авторизация существующего пользователя","tests","2026-07-02","passed","2026-07-02","TestUserLogin","test_user_login","",""
"Тест проверяет появление ошибки при авторизация пользователя используя неверный логин и пароль","705","Авторизация пользователя используя неверный логин и пароль","tests","2026-07-02","passed","2026-07-02","TestUserLogin","test_user_login","",""
"Тест проверяет попытку создания заказа c неверным хэшем ингридиентов при авторизированном пользователе","800","Создание заказа c неверным хэшем ингредиентов","tests","2026-07-02","passed","2026-07-02","TestOrderCreating","test_order_creating","",""
"Тест проверяет появление ошибки при попытке создания пользователя при незаполненности обязательного поля","636","Создание пользователя с незаполненным обязательным полем","tests","2026-07-02","passed","2026-07-02","TestUserCreating","test_user_creating","",""
"Тест проверяет появление ошибки при попытке создания уже зарегистрированного пользователя при заполненности всех обязательных полей","647","Создание уже зарегистрированного пользователя","tests","2026-07-02","passed","2026-07-02","TestUserCreating","test_user_creating","",""
